BAGNUMBER,TubeNo,SPECIESID,source,mnt25,elBin,Genus,Pinned,
NA,784,Apha_subt,p,511,500,Apha,,
NA,3457,Apha_subt,p,473.6,400,Apha,,
NA,4272,Apha_subt,p,414,400,Apha,,
NA,5747,Apha_subt,p,622.8,600,Apha,,
NA,5753,Apha_subt,p,622.8,600,Apha,,
NA,10133,Apha_subt,p,405.6,400,Apha,,
NA,12255,Apha_subt,p,469.7,400,Apha,,
NA,12394,Apha_subt,p,415.9,400,Apha,,
NA,12647,Apha_subt,p,524.1,500,Apha,,
NA,15939,Apha_subt,p,410.5,400,Apha,,
NA,16270,Apha_subt,p,496.2,400,Apha,,
NA,17094,Apha_subt,p,429.5,400,Apha,,
NA,17209,Apha_subt,p,429.5,400,Apha,,
NA,17266,Apha_subt,p,638.8,600,Apha,,
NA,19904,Apha_subt,p,501.9,500,Apha,,
NA,12388C,Apha_subt,p,394.7,300,Apha,,
NA,7669C,Apha_subt,p,416.6,400,Apha,,
NA,9844B,Apha_subt,p,659.4,600,Apha,,
NA,5988,Camp_aeth,p,429.5,400,Camp,,
NA,1212,Camp_fall,p,369,300,Camp,,
NA,2205,Camp_fall,p,410.6,400,Camp,,
NA,7239,Camp_fall,p,421.1,400,Camp,,
NA,9391,Camp_fall,p,425.4,400,Camp,,
NA,10152,Camp_fall,p,383.5,300,Camp,,
NA,10441,Camp_fall,p,434.4,400,Camp,,
NA,10715,Camp_fall,p,383.5,300,Camp,,
NA,12277,Camp_fall,p,427.8,400,Camp,,
NA,13585,Camp_fall,p,379.8,300,Camp,,
NA,18095,Camp_fall,p,458.9,400,Camp,,
NA,18253,Camp_fall,p,445.3,400,Camp,,
NA,18504,Camp_fall,p,402.7,400,Camp,,
NA,12682B,Camp_fall,p,376,300,Camp,,
NA,15296D,Camp_fall,p,383,300,Camp,,
NA,18693D,Camp_fall,p,383,300,Camp,,
NA,6172C,Camp_fall,p,385,300,Camp,,
NA,172,Camp_herc,p,741.6,700,Camp,,
NA,288,Camp_herc,p,1216.2,1200,Camp,,
NA,451,Camp_herc,p,1839.4,1800,Camp,,
NA,2409,Camp_herc,p,665.4,600,Camp,,
NA,3555,Camp_herc,p,1694.5,1600,Camp,,
NA,3560,Camp_herc,p,1694.5,1600,Camp,,
NA,6724,Camp_herc,p,669.3,600,Camp,,
NA,7204,Camp_herc,p,899.3,800,Camp,,
NA,10504,Camp_herc,p,1340.5,1300,Camp,,
NA,10848,Camp_herc,p,873.6,800,Camp,,
NA,12174,Camp_herc,p,1165.9,1100,Camp,,
NA,12621,Camp_herc,p,1244.6,1200,Camp,,
NA,14403,Camp_herc,p,1533.3,1500,Camp,,
NA,15896,Camp_herc,p,1165,1100,Camp,,
NA,15971,Camp_herc,p,751.6,700,Camp,,
NA,16582,Camp_herc,p,689.6,600,Camp,,
NA,17164,Camp_herc,p,726.1,700,Camp,,
NA,18713,Camp_herc,p,1317.2,1300,Camp,,
NA,18745,Camp_herc,p,1326.5,1300,Camp,,
NA,19828,Camp_herc,p,1366.7,1300,Camp,,
NA,17063,Camp_herc/lign,p,1323.5,1300,Camp,,
NA,17066,Camp_herc/lign,p,1323.5,1300,Camp,,
NA,17123,Camp_herc/lign,p,1323.5,1300,Camp,,
NA,17161,Camp_herc/lign,p,1323.5,1300,Camp,,
NA,17471,Camp_herc/lign,p,1323.5,1300,Camp,,
NA,388,Camp_lign,p,1194.6,1100,Camp,,
NA,1178,Camp_lign,p,572.3,500,Camp,,
NA,1193,Camp_lign,p,844.8,800,Camp,,
NA,1716,Camp_lign,p,538.4,500,Camp,,
NA,4341,Camp_lign,p,1222.6,1200,Camp,,
NA,4853,Camp_lign,p,726.2,700,Camp,,
NA,5817,Camp_lign,p,429.5,400,Camp,,
NA,6682,Camp_lign,p,1125.6,1100,Camp,,
NA,6856,Camp_lign,p,1043.6,1000,Camp,,
NA,10844,Camp_lign,p,1153.8,1100,Camp,,
NA,13803,Camp_lign,p,1193.5,1100,Camp,,
NA,15222,Camp_lign,p,973.9,900,Camp,,
NA,15664,Camp_lign,p,1090.2,1000,Camp,,
NA,18936,Camp_lign,p,1096.5,1000,Camp,,
NA,10336B,Camp_lign,p,622.9,600,Camp,,
NA,8864B,Camp_lign,p,450.2,400,Camp,,
NA,3056,Camp_pice,p,458.4,400,Camp,,
NA,5773,Camp_pice,p,429.5,400,Camp,,
NA,5841,Camp_pice,p,429.5,400,Camp,,
NA,5917,Camp_pice,p,429.5,400,Camp,,
NA,5924,Camp_pice,p,429.5,400,Camp,,
NA,5951,Camp_pice,p,429.5,400,Camp,,
NA,5972,Camp_pice,p,429.5,400,Camp,,
NA,16266,Camp_pice,p,508.9,500,Camp,,
NA,17322,Camp_pice,p,1323.5,1300,Camp,,
NA,17338,Camp_pice,p,1323.5,1300,Camp,,
NA,17367,Camp_pice,p,1323.5,1300,Camp,,
NA,17411,Camp_pice,p,1323.5,1300,Camp,,
NA,18987,Camp_pice,p,477.4,400,Camp,,
NA,2090,Colo_trun,p,550.9,500,Colo,,
NA,7483,Colo_trun,p,394.4,300,Colo,,
NA,10446,Colo_trun,p,434.4,400,Colo,,
NA,10764,Colo_trun,p,383.5,300,Colo,,
NA,12068,Colo_trun,p,369,300,Colo,,
NA,12444,Colo_trun,p,401.9,400,Colo,,
NA,13898,Colo_trun,p,617.5,600,Colo,,
NA,16272,Colo_trun,p,498.6,400,Colo,,
NA,16902,Colo_trun,p,434.8,400,Colo,,
NA,17308,Colo_trun,p,632.4,600,Colo,,
NA,18096,Colo_trun,p,458.9,400,Colo,,
NA,18509,Colo_trun,p,450.4,400,Colo,,
NA,11400B,Colo_trun,p,617.5,600,Colo,,
NA,14003B,Colo_trun,p,482.9,400,Colo,,
NA,15037E,Colo_trun,p,434.4,400,Colo,,
NA,16146B,Colo_trun,p,768.7,700,Colo,,
NA,18693C,Colo_trun,p,383,300,Colo,,
NA,8096C,Colo_trun,p,394.5,300,Colo,,
NA,5018,Crem_scut,p,415.5,400,Crem,,
NA,1590,Doli_quad,p,467.6,400,Doli,,
NA,5102,Doli_quad,p,454.4,400,Doli,,
NA,10067,Doli_quad,p,434.4,400,Doli,,
NA,10442,Doli_quad,p,434.4,400,Doli,,
NA,12901,Doli_quad,p,746.1,700,Doli,,
NA,13020,Doli_quad,p,427.6,400,Doli,,
NA,17010,Doli_quad,p,628.4,600,Doli,,
NA,20581,Doli_quad,p,474.6,400,Doli,,
NA,12742B,Doli_quad,p,498.6,400,Doli,,
NA,15037D,Doli_quad,p,434.4,400,Doli,,
NA,15170B,Doli_quad,p,385,300,Doli,,
NA,15296C,Doli_quad,p,383,300,Doli,,
NA,16902B,Doli_quad,p,434.8,400,Doli,,
NA,18973B,Doli_quad,p,434.4,400,Doli,,
NA,4214B,Doli_quad,p,413.7,400,Doli,,
NA,518B,Doli_quad,p,434.4,400,Doli,,
NA,6248,Espece exotique,p,424.4,400,Espece exotique,,
NA,11230,Form_cine,p,395.5,300,Form,,
NA,19703,Form_cine,p,365.4,300,Form,,
NA,19717,Form_cine,p,367.2,300,Form,,
NA,1983,Form_cuni,p,399,300,Form,,
NA,5384,Form_cuni,p,1874.3,1800,Form,,
NA,7927,Form_cuni,p,1044,1000,Form,,
NA,18319,Form_cuni,p,990.6,900,Form,,
NA,18570,Form_cuni,p,395.8,300,Form,,
NA,1651,Form_exse,p,1259.1,1200,Form,,
NA,8943,Form_exse,p,918.4,900,Form,,
NA,10599,Form_exse,p,1244.9,1200,Form,,
NA,10705,Form_exse,p,1244.9,1200,Form,,
NA,10706,Form_exse,p,1242.1,1200,Form,,
NA,10713,Form_exse,p,1208.6,1200,Form,,
NA,10883,Form_exse,p,1193.8,1100,Form,,
NA,14730,Form_exse,p,1413.2,1400,Form,,
NA,14774,Form_exse,p,1738.1,1700,Form,,
NA,16788,Form_exse,p,1053.2,1000,Form,,
NA,18876,Form_exse,p,1582.4,1500,Form,,
NA,19603,Form_exse,p,1187.9,1100,Form,,
NA,2491,Form_fusca,p,847.7,800,Form,,
NA,6204,Form_fusca,p,448.6,400,Form,,
NA,7603,Form_fusca,p,1638.8,1600,Form,,
NA,12497,Form_fusca,p,988.6,900,Form,,
NA,14879,Form_fusca,p,901.5,900,Form,,
NA,17292E,Form_fusco,p,949.6,900,Form,,
NA,17335D,Form_fusco,p,949.6,900,Form,,
NA,9546,Form_lema,p,2285.1,2200,Form,,
NA,9985,Form_lema,p,2295.3,2200,Form,,
NA,12498,Form_lema,p,972.9,900,Form,,
NA,13240,Form_lema,p,834.7,800,Form,,
NA,17235,Form_lema,p,726.1,700,Form,,
NA,17661,Form_lema,p,2332.3,2300,Form,,
NA,9255B,Form_lema,p,607.4,600,Form,,
NA,255,Form_lugu/para,p,1085.4,1000,Form,,
NA,1264,Form_lugu/para,p,488.9,400,Form,,
NA,8058,Form_lugu/para,p,2150.7,2100,Form,,
NA,10015,Form_lugu/para,p,592.7,500,Form,,
NA,12223,Form_lugu/para,p,934,900,Form,,
NA,13705,Form_lugu/para,p,792.3,700,Form,,
NA,14987,Form_lugu/para,p,2006.7,2000,Form,,
NA,16871,Form_lugu/para,p,871.9,800,Form,,
NA,17850,Form_lugu/para,p,2066.4,2000,Form,,
NA,6883,Form_pice,p,1876.4,1800,Form,,
NA,247,Form_poly,p,395.5,300,Form,,
NA,2603,Form_poly,p,936.5,900,Form,,
NA,7212,Form_poly,p,1144.7,1100,Form,,
NA,7435,Form_poly,p,907.1,900,Form,,
NA,8915,Form_poly,p,426,400,Form,,
NA,11381,Form_poly,p,580.2,500,Form,,
NA,14860,Form_poly,p,901.5,900,Form,,
NA,15076,Form_poly,p,1612.2,1600,Form,,
NA,15274,Form_poly,p,1119.2,1100,Form,,
NA,15663,Form_poly,p,1269.2,1200,Form,,
NA,15806,Form_poly,p,1269.2,1200,Form,,
NA,15867,Form_poly,p,1047.8,1000,Form,,
NA,15934,Form_poly,p,574.9,500,Form,,
NA,16861,Form_poly,p,441.7,400,Form,,
NA,18277,Form_poly,p,403.6,400,Form,,
NA,18528,Form_poly,p,842.6,800,Form,,
NA,1834,Form_prat,p,1196.3,1100,Form,,
NA,2107,Form_prat,p,1513.7,1500,Form,,
NA,3253,Form_prat,p,633,600,Form,,
NA,3454,Form_prat,p,375.9,300,Form,,
NA,3645,Form_prat,p,489.8,400,Form,,
NA,4709,Form_prat,p,1018.9,1000,Form,,
NA,10586,Form_prat,p,671.1,600,Form,,
NA,10722,Form_prat,p,800.2,800,Form,,
NA,18428,Form_prat,p,462.8,400,Form,,
NA,18557,Form_prat,p,734.4,700,Form,,
NA,18864,Form_prat,p,738.3,700,Form,,
NA,3124,Form_pres,p,2117.5,2100,Form,,
NA,17866,Form_pres,p,2102.4,2100,Form,,
NA,9546B,Form_pres,p,2285.1,2200,Form,,
NA,6631,Form_rufa,p,1125.6,1100,Form,,
NA,7074,Form_rufa,p,907.1,900,Form,,
NA,8596,Form_rufa,p,429.5,400,Form,,
NA,10365,Form_rufa,p,875.7,800,Form,,
NA,10366,Form_rufa,p,1187.8,1100,Form,,
NA,12322,Form_rufa,p,398.3,300,Form,,
NA,13210,Form_rufa,p,1757.9,1700,Form,,
NA,14591,Form_rufa,p,1417.3,1400,Form,,
NA,14655,Form_rufa,p,1034.4,1000,Form,,
NA,18640,Form_rufa,p,1098.2,1000,Form,,
NA,17216B,Form_rufa,p,1428.5,1400,Form,,
NA,17312B,Form_rufa,p,1428.5,1400,Form,,
NA,2614,Form_rufi,p,393.2,300,Form,,
NA,12516,Form_rufi,p,1176,1100,Form,,
NA,12656,Form_rufi,p,1316.6,1300,Form,,
NA,13165,Form_rufi,p,721.7,700,Form,,
NA,17325,Form_rufi,p,970.6,900,Form,,
NA,17833,Form_rufi,p,1005.5,1000,Form,,
NA,18147,Form_rufi,p,1289.8,1200,Form,,
NA,18374,Form_rufi,p,1522.6,1500,Form,,
NA,10963B,Form_rufi,p,463.9,400,Form,,
NA,1582B,Form_rufi,p,877.3,800,Form,,
NA,17292D,Form_rufi,p,949.6,900,Form,,
NA,111,Form_sang,p,1213.4,1200,Form,,
NA,134,Form_sang,p,1182,1100,Form,,
NA,2542,Form_sang,p,936.5,900,Form,,
NA,5660,Form_sang,p,638.7,600,Form,,
NA,9017,Form_sang,p,1190.7,1100,Form,,
NA,9494,Form_sang,p,1009.5,1000,Form,,
NA,10506,Form_sang,p,741,700,Form,,
NA,12243,Form_sang,p,648.5,600,Form,,
NA,12911,Form_sang,p,810.1,800,Form,,
NA,15759,Form_sang,p,1082.1,1000,Form,,
NA,16774,Form_sang,p,917,900,Form,,
NA,17034,Form_sang,p,1323.5,1300,Form,,
NA,17212,Form_sang,p,1323.5,1300,Form,,
NA,18120,Form_sang,p,822.6,800,Form,,
NA,18367,Form_sang,p,912.1,900,Form,,
NA,20070,Form_sang,p,1666,1600,Form,,
NA,8559B,Form_sang,p,697.7,600,Form,,
NA,12199,Form_sely,p,934,900,Form,,
NA,14737,Form_sely,p,1792.3,1700,Form,,
NA,21,Form_trun,p,1121.8,1100,Form,,
NA,9208,Form_trun,p,1407.3,1400,Form,,
NA,17294,Form_trun,p,1321.2,1300,Form,,
NA,18662,Form_trun,p,1017.8,1000,Form,,
NA,18702,Form_trun,p,1078.1,1000,Form,,
NA,18970,Form_trun,p,1050.1,1000,Form,,
NA,2056,Formx_niti,p,1452.9,1400,Formx,,
NA,17194,Formx_niti,p,1509.1,1500,Formx,,
NA,17216,Formx_niti,p,1428.5,1400,Formx,,
NA,17312,Formx_niti,p,1428.5,1400,Formx,,
NA,17347,Formx_niti,p,1165.8,1100,Formx,,
NA,17349,Formx_niti,p,1437.3,1400,Formx,,
NA,17170,Harp_subl,p,1428.5,1400,Harp,,
NA,518,Lasi_alie,p,434.4,400,Lasi,,
NA,1592,Lasi_alie,p,760.5,700,Lasi,,
NA,4106,Lasi_alie,p,414,400,Lasi,,
NA,10008,Lasi_alie,p,590.8,500,Lasi,,
NA,16131,Lasi_alie,p,769.4,700,Lasi,,
NA,17126,Lasi_alie,p,723.6,700,Lasi,,
NA,17270,Lasi_alie,p,636.3,600,Lasi,,
NA,4214C,Lasi_alie,p,413.7,400,Lasi,,
NA,7739B,Lasi_alie,p,686.7,600,Lasi,,
NA,2097,Lasi_brun,p,563,500,Lasi,,
NA,2692,Lasi_brun,p,378.9,300,Lasi,,
NA,2749,Lasi_brun,p,394.1,300,Lasi,,
NA,5089,Lasi_brun,p,1037,1000,Lasi,,
NA,9043,Lasi_brun,p,712.5,700,Lasi,,
NA,10145,Lasi_brun,p,385,300,Lasi,,
NA,10174,Lasi_brun,p,557.1,500,Lasi,,
NA,12767,Lasi_brun,p,1266.1,1200,Lasi,,
NA,14967,Lasi_brun,p,470.8,400,Lasi,,
NA,15143,Lasi_brun,p,595.4,500,Lasi,,
NA,15531,Lasi_brun,p,390.2,300,Lasi,,
NA,18061,Lasi_brun,p,458.9,400,Lasi,,
NA,18746,Lasi_brun,p,719.9,700,Lasi,,
NA,20723,Lasi_brun,p,474.5,400,Lasi,,
NA,13850B,Lasi_brun,p,414.7,400,Lasi,,
NA,621,Lasi_emar,p,381.6,300,Lasi,,
NA,1562,Lasi_emar,p,788.1,700,Lasi,,
NA,2246,Lasi_emar,p,834.8,800,Lasi,,
NA,4684,Lasi_emar,p,1062.9,1000,Lasi,,
NA,5263,Lasi_emar,p,733.9,700,Lasi,,
NA,7451,Lasi_emar,p,694.1,600,Lasi,,
NA,8494,Lasi_emar,p,1695.3,1600,Lasi,,
NA,9777,Lasi_emar,p,630.5,600,Lasi,,
NA,10098,Lasi_emar,p,1042.4,1000,Lasi,,
NA,12590,Lasi_emar,p,687.3,600,Lasi,,
NA,13015,Lasi_emar,p,907.7,900,Lasi,,
NA,14792,Lasi_emar,p,442.5,400,Lasi,,
NA,14834,Lasi_emar,p,1034.4,1000,Lasi,,
NA,16818,Lasi_emar,p,394.3,300,Lasi,,
NA,17480,Lasi_emar,p,636.3,600,Lasi,,
NA,18152,Lasi_emar,p,624.2,600,Lasi,,
NA,18494,Lasi_emar,p,454.3,400,Lasi,,
NA,18105B,Lasi_emar,p,912.1,900,Lasi,,
NA,17165,Lasi_emar/brun,p,429.5,400,Lasi,,
NA,17289,Lasi_emar/brun,p,429.5,400,Lasi,,
NA,366,Lasi_fuli,p,1479,1400,Lasi,,
NA,2027,Lasi_fuli,p,918.7,900,Lasi,,
NA,2293,Lasi_fuli,p,1046.2,1000,Lasi,,
NA,2389,Lasi_fuli,p,396.3,300,Lasi,,
NA,3617,Lasi_fuli,p,801.2,800,Lasi,,
NA,3923,Lasi_fuli,p,1011.7,1000,Lasi,,
NA,4823,Lasi_fuli,p,1068.5,1000,Lasi,,
NA,6059,Lasi_fuli,p,745.1,700,Lasi,,
NA,14855,Lasi_fuli,p,848,800,Lasi,,
NA,16481,Lasi_fuli,p,771.6,700,Lasi,,
NA,19713,Lasi_fuli,p,565.3,500,Lasi,,
NA,4753,Lasi_mixt,p,1318.8,1300,Lasi,,
NA,8187,Lasi_mixt,p,697.7,600,Lasi,,
NA,8333,Lasi_mixt,p,697.7,600,Lasi,,
NA,8413,Lasi_mixt,p,697.7,600,Lasi,,
NA,17295,Lasi_mixt,p,636.3,600,Lasi,,
NA,5818,Lasi_myop,p,429.5,400,Lasi,,
NA,16201,Lasi_myop,p,550.9,500,Lasi,,
NA,16736,Lasi_myop,p,394.3,300,Lasi,,
NA,17232,Lasi_myop,p,638.8,600,Lasi,,
NA,11534,Lasi_nige,p,1266.2,1200,Lasi,,
NA,11967,Lasi_nige,p,1694.7,1600,Lasi,,
NA,14484,Lasi_nige,p,1438.8,1400,Lasi,,
NA,18591,Lasi_nige,p,1113.4,1100,Lasi,,
NA,2145,Lasi_nige/plat,p,558.7,500,Lasi,,
NA,2189,Lasi_nige/plat,p,679.4,600,Lasi,,
NA,3520,Lasi_nige/plat,p,718.1,700,Lasi,,
NA,4344,Lasi_nige/plat,p,642,600,Lasi,,
NA,5712,Lasi_nige/plat,p,622.8,600,Lasi,,
NA,7169,Lasi_nige/plat,p,681.5,600,Lasi,,
NA,7230,Lasi_nige/plat,p,678.2,600,Lasi,,
NA,8579,Lasi_nige/plat,p,1083.5,1000,Lasi,,
NA,8691,Lasi_nige/plat,p,475,400,Lasi,,
NA,8812,Lasi_nige/plat,p,427.6,400,Lasi,,
NA,10819,Lasi_nige/plat,p,868.5,800,Lasi,,
NA,15596,Lasi_nige/plat,p,398.9,300,Lasi,,
NA,15987,Lasi_nige/plat,p,517.8,500,Lasi,,
NA,16088,Lasi_nige/plat,p,728.3,700,Lasi,,
NA,17376,Lasi_nige/plat,p,922.6,900,Lasi,,
NA,4969,Lasi_para,p,510.9,500,Lasi,,
NA,5592,Lasi_para,p,622.8,600,Lasi,,
NA,5738,Lasi_para,p,622.8,600,Lasi,,
NA,5839,Lasi_para,p,622.8,600,Lasi,,
NA,7446,Lasi_para,p,600.3,600,Lasi,,
NA,9419,Lasi_para,p,648,600,Lasi,,
NA,11417,Lasi_para,p,776.2,700,Lasi,,
NA,12188,Lasi_para,p,672.9,600,Lasi,,
NA,15726,Lasi_para,p,495.1,400,Lasi,,
NA,18757,LasI_para,p,790.7,700,LasI,,
NA,11551B,Lasi_para,p,848,800,Lasi,,
NA,12055B,Lasi_para,p,656.9,600,Lasi,,
NA,16356B,Lasi_para,p,771.6,700,Lasi,,
NA,2048,Lasi_plat,p,387.7,300,Lasi,,
NA,2067,Lasi_plat,p,1333.9,1300,Lasi,,
NA,4039,Lasi_plat,p,568.3,500,Lasi,,
NA,9721,Lasi_plat,p,1262.7,1200,Lasi,,
NA,12224,Lasi_plat,p,988.6,900,Lasi,,
NA,13175,Lasi_plat,p,1040.2,1000,Lasi,,
NA,16097,Lasi_plat,p,1241.7,1200,Lasi,,
NA,16764,Lasi_plat,p,1141.6,1100,Lasi,,
NA,17431,Lasi_plat,p,842.2,800,Lasi,,
NA,18205,Lasi_plat,p,1439.9,1400,Lasi,,
NA,20350,Lasi_psam,p,432.2,400,Lasi,,
NA,12012B,Lasi_umbr,p,428.2,400,Lasi,,
NA,2039,Lept_acer,p,1232.6,1200,Lept,,
NA,2065,Lept_acer,p,1461,1400,Lept,,
NA,4145,Lept_acer,p,1874.3,1800,Lept,,
NA,6931,Lept_acer,p,1667.2,1600,Lept,,
NA,10143,Lept_acer,p,1146.2,1100,Lept,,
NA,12112,Lept_acer,p,2042.7,2000,Lept,,
NA,12280,Lept_acer,p,876.1,800,Lept,,
NA,13910,Lept_acer,p,1214.4,1200,Lept,,
NA,17083,Lept_acer,p,1578.9,1500,Lept,,
NA,17114,Lept_acer,p,1335.8,1300,Lept,,
NA,19629,Lept_acer,p,773.6,700,Lept,,
NA,13924B,Lept_acer,p,769.9,700,Lasi,,
NA,15406B,Lept_acer,p,973.9,900,Lept,,
NA,17230B,Lept_acer,p,1428.5,1400,Lept,,
NA,17258 ,Lept_acer,p,1560,1500,Lept,,
NA,564B,Lept_acer,p,853.9,800,Lept,,
NA,13052,Lept_gred,p,1337,1300,Lept,,
NA,15404,Lept_gred,p,1318.8,1300,Lept,,
NA,17128,Lept_gred,p,1321.2,1300,Lept,,
NA,17302,Lept_musc,p,1494.4,1400,Lept,,
NA,2473,Mani_rubi,p,813.7,800,Mani,,
NA,12468,Mani_rubi,p,2042.7,2000,Mani,,
NA,14291,Mani_rubi,p,1077.1,1000,Mani,,
NA,16106,Mani_rubi,p,1089.3,1000,Mani,,
NA,17313,Mani_rubi,p,726.1,700,Mani,,
NA,17884,Mani_rubi,p,2183.2,2100,Mani,,
NA,12199B,Mani_rubi,p,934,900,Mani,,
NA,6936B,Mani_rubi,p,1780,1700,Mani,,
NA,2903,Myrm_curv,p,694.3,600,Myrm,1,
NA,8714,Myrm_gall,p,429.3,400,Myrm,1,
NA,8594,Myrm_lobi,p,1606,1600,Myrm,1,
NA,254,Myrm_lobu,p,1895,1800,Myrm,1,
NA,1998,Myrm_lobu,p,1484.9,1400,Myrm,alate,
NA,5063,Myrm_lobu,p,1778.1,1700,Myrm,1,
NA,14359,Myrm_lobu,p,1557.5,1500,Myrm,1,
NA,14049C,Myrm_lobu,p,1524.6,1500,Myrm,1,
NA,16281B,Myrm_lobu,p,1437.4,1400,Myrm,1,
NA,18569,Myrm_lona,p,1209.9,1200,Myrm,1,
NA,2010,Myrm_rubr,p,752.9,700,Myrm,1,
NA,12109,Myrm_rubr,p,898.1,800,Myrm,1,
NA,14475,Myrm_rubr,p,1440.1,1400,Myrm,1,
NA,15134,Myrm_rubr,p,973.9,900,Myrm,1,
NA,16745,Myrm_rubr,p,660.9,600,Myrm,1,
NA,16879,Myrm_rubr,p,570,500,Myrm,1,
NA,17816,Myrm_rubr,p,1552,1500,Myrm,1,
NA,5759,Myrm_sabu,p,622.8,600,Myrm,,
NA,15006,Myrm_sabu,p,1842.2,1800,Myrm,1,
NA,16487,Myrm_sabu,p,1461,1400,Myrm,1,
NA,20120,Myrm_sabu,p,1584.5,1500,Myrm,1,
NA,15755D,Myrm_sabu,p,925.1,900,Myrm,1,
NA,6883B,Myrm_sabu,p,1876.4,1800,Myrm,1,
NA,8520,Myrm_scab,p,427.6,400,Myrm,1,
NA,11158,Myrm_scab,p,398.7,300,Myrm,1,
NA,17728,Myrm_scab,p,1865,1800,Myrm,1,
NA,5794B,Myrm_scab,p,622.8,600,Myrm,1,
NA,5633,Myrm_sche,p,622.8,600,Myrm,,
NA,5795,Myrm_sche,p,622.8,600,Myrm,,
NA,5849,Myrm_sche,p,622.8,600,Myrm,,
NA,6888,Myrm_sche,p,405,400,Myrm,,
NA,12532,Myrm_sche,p,1209.3,1200,Myrm,,
NA,17196,Myrm_sche,p,1323.5,1300,Myrm,,
NA,10784C,Myrm_sche,p,561.6,500,Myrm,,
NA,16551X,Myrm_sche,p,400.6,400,Myrm,,
NA,20323D,Myrm_sche,p,612.9,600,Myrm,,
NA,2034B,Myrm_sche,p,1076.1,1000,Myrm,,
NA,7226B,Myrm_sche,p,675.6,600,Myrm,,
NA,706,Myrm_spec,p,584.1,500,Myrm,,
NA,6153,Myrm_spec,p,748.1,700,Myrm,,
NA,9556,Myrm_spec,p,424.9,400,Myrm,,
NA,11974,Myrm_spec,p,770.1,700,Myrm,,
NA,12390,Myrm_spec,p,625.4,600,Myrm,,
NA,16690,Myrm_spec,p,728.3,700,Myrm,,
NA,12708B,Myrm_spec,p,376,300,Myrm,,
NA,14285C,Myrm_spec,p,479,400,Myrm,,
NA,14550B,Myrm_spec,p,698.5,600,Myrm,,
NA,16514B,Myrm_spec,p,400.6,400,Myrm,,
NA,18887B,Myrm_spec,p,1317.2,1300,Myrm,,
NA,9638B,Myrm_spec,p,595.8,500,Myrm,,
NA,9905B,Myrm_spec,p,607.5,600,Myrm,,
NA,3505,Myrme_gram,p,747.2,700,Myrme,,
NA,5969,Myrme_gram,p,429.5,400,Myrme,,
NA,5984,Myrme_gram,p,429.5,400,Myrme,,
NA,6056,Myrme_gram,p,617.5,600,Myrme,,
NA,16105,Myrme_gram,p,495.1,400,Myrme,,
NA,16283,Myrme_gram,p,510.2,500,Myrme,,
NA,17117,Myrme_gram,p,592.9,500,Myrme,,
NA,17300,Myrme_gram,p,392.7,300,Myrme,,
NA,20117,Myrme_gram,p,394.4,300,Myrme,,
NA,11463B,Myrme_gram,p,683.6,600,Myrme,,
NA,16132D,Myrme_gram,p,560.6,500,Myrme,,
NA,17914B,Myrme_gram,p,626.9,600,Myrme,,
NA,18570C,Myrme_gram,p,395.8,300,Myrme,,
NA,18973F,Myrme_gram,p,434.4,400,Myrme,,
NA,2138B,Myrme_gram,p,506.9,500,Myrme,,
NA,2605B,Myrme_gram,p,399.7,300,Myrme,,
NA,5810B,Myrme_gram,p,638.7,600,Myrme,,
NA,5953B,Myrme_gram,p,429.5,400,Myrme,,
NA,5803,Plag_pall,p,429.5,400,Plag,,
NA,5827,Plag_pall,p,429.5,400,Plag,,
NA,5847,Plag_pall,p,429.5,400,Plag,,
NA,5866,Plag_pall,p,429.5,400,Plag,,
NA,5885,Plag_pall,p,429.5,400,Plag,,
NA,5919,Plag_pall,p,429.5,400,Plag,,
NA,5938,Plag_pall,p,429.5,400,Plag,,
NA,5955,Plag_pall,p,429.5,400,Plag,,
NA,5966,Plag_pall,p,429.5,400,Plag,,
NA,5973,Plag_pall,p,429.5,400,Plag,,
NA,5974,Plag_pall,p,429.5,400,Plag,,
NA,5983,Plag_pall,p,429.5,400,Plag,,
NA,5986,Plag_pall,p,429.5,400,Plag,,
NA,5990,Plag_pall,p,429.5,400,Plag,,
NA,5999,Plag_pall,p,429.5,400,Plag,,
NA,6293,Plag_pall,p,591.4,500,Plag,,
NA,14111,Plag_pall,p,455.2,400,Plag,,
NA,17201,Plag_pall,p,429.5,400,Plag,,
NA,18609,Plag_pall,p,544.4,500,Plag,,
NA,6451C,Plag_pall,p,591.4,500,Plag,,
NA,1500,Poly_rufe,p,383.7,300,Poly,,
NA,2094,Poly_rufe,p,563,500,Poly,,
NA,8459,Poly_rufe,p,762.5,700,Poly,,
NA,18025B,Poly_rufe,p,549.1,500,Poly,,
NA,5607,Pone_coar,p,622.8,600,Pone,,
NA,5608,Pone_coar,p,622.8,600,Pone,,
NA,5894,Pone_coar,p,429.5,400,Pone,,
NA,5909,Pone_coar,p,429.5,400,Pone,,
NA,5942,Pone_coar,p,429.5,400,Pone,,
NA,5953,Pone_coar,p,429.5,400,Pone,,
NA,5982,Pone_coar,p,429.5,400,Pone,,
NA,7164,Pone_coar,p,399.7,300,Pone,,
NA,16400,Pone_coar,p,502,500,Pone,,
NA,17193,Pone_coar,p,429.5,400,Pone,,
NA,17481,Pone_coar,p,615.1,600,Pone,,
NA,5972B,Pone_coar,p,429.5,400,Pone,,
NA,5674,Pone_test,p,429.5,400,Pone,,
NA,16972,Sole_fuga,p,477.1,400,Sole,,
NA,12226B,Sole_fuga,p,744.5,700,Sole,,
NA,17425,Sten_debi,p,734,700,Sten,,
NA,13718B,Sten_debi,p,384.1,300,Sten,,
NA,696,Tapi_erra,p,511,500,Tapi,,
NA,1533,Tapi_erra,p,410.7,400,Tapi,,
NA,3399,Tapi_erra,p,435.5,400,Tapi,,
NA,5965,Tapi_erra,p,429.5,400,Tapi,,
NA,6534,Tapi_erra,p,585.9,500,Tapi,,
NA,7418,Tapi_erra,p,399.7,300,Tapi,,
NA,11753,Tapi_erra,p,770.1,700,Tapi,,
NA,15818,Tapi_erra,p,1134.2,1100,Tapi,,
NA,17251,Tapi_erra,p,1357.2,1300,Tapi,,
NA,102,Tapi_erra/nige_gr,p,1144.2,1100,Tapi,,
NA,1835,Tapi_erra/nige_gr,p,398.3,300,Tapi,,
NA,1978,Tapi_erra/nige_gr,p,570.6,500,Tapi,,
NA,3164,Tapi_erra/nige_gr,p,613.6,600,Tapi,,
NA,3661,Tapi_erra/nige_gr,p,1029.7,1000,Tapi,,
NA,4974,Tapi_erra/nige_gr,p,535.2,500,Tapi,,
NA,5907,Tapi_erra/nige_gr,p,429.5,400,Tapi,,
NA,10351,Tapi_erra/nige_gr,p,558.9,500,Tapi,,
NA,12422,Tapi_erra/nige_gr,p,1237.1,1200,Tapi,,
NA,12482,Tapi_erra/nige_gr,p,523.5,500,Tapi,,
NA,12566,Tapi_erra/nige_gr,p,424.2,400,Tapi,,
NA,13203,Tapi_erra/nige_gr,p,728,700,Tapi,,
NA,15406,Tapi_erra/nige_gr,p,973.9,900,Tapi,,
NA,16015,Tapi_erra/nige_gr,p,593,500,Tapi,,
NA,16547,Tapi_erra/nige_gr,p,1123.2,1100,Tapi,,
NA,16895,Tapi_erra/nige_gr,p,399.7,300,Tapi,,
NA,17297,Tapi_erra/nige_gr,p,1357.2,1300,Tapi,,
NA,17690,Tapi_erra/nige_gr,p,1222.4,1200,Tapi,,
NA,18015,Tapi_erra/nige_gr,p,369,300,Tapi,,
NA,19848,Tapi_erra/nige_gr,p,820.5,800,Tapi,,
NA,138,Tapi_nige_gr,p,393.4,300,Tapi,,
NA,188,Tapi_nige_gr,p,394.6,300,Tapi,,
NA,272,Tapi_nige_gr,p,426.6,400,Tapi,,
NA,275,Tapi_nige_gr,p,393.2,300,Tapi,,
NA,1986,Tapi_nige_gr,p,398.9,300,Tapi,,
NA,3678,Tapi_nige_gr,p,535.4,500,Tapi,,
NA,3758,Tapi_nige_gr,p,546.7,500,Tapi,,
NA,3765,Tapi_nige_gr,p,536.4,500,Tapi,,
NA,3864,Tapi_nige_gr,p,538.7,500,Tapi,,
NA,5582,Tapi_nige_gr,p,638.7,600,Tapi,,
NA,5815,Tapi_nige_gr,p,638.7,600,Tapi,,
NA,5829,Tapi_nige_gr,p,638.7,600,Tapi,,
NA,5874,Tapi_nige_gr,p,638.7,600,Tapi,,
NA,6830,Tapi_nige_gr,p,548.4,500,Tapi,,
NA,8074,Tapi_nige_gr,p,410.7,400,Tapi,,
NA,8339,Tapi_nige_gr,p,425.5,400,Tapi,,
NA,9288,Tapi_nige_gr,p,425.4,400,Tapi,,
NA,13927,Tapi_nige_gr,p,369,300,Tapi,,
NA,14377,Tapi_nige_gr,p,478.3,400,Tapi,,
NA,14399,Tapi_nige_gr,p,478.5,400,Tapi,,
NA,2496,Tapi_subb,p,1130.1,1100,Tapi,,
NA,3629,Tapi_subb,p,581.1,500,Tapi,,
NA,4311,Tapi_subb,p,414,400,Tapi,,
NA,4374,Tapi_subb,p,414,400,Tapi,,
NA,4392,Tapi_subb,p,414,400,Tapi,,
NA,4394,Tapi_subb,p,414,400,Tapi,,
NA,4420,Tapi_subb,p,414,400,Tapi,,
NA,4453,Tapi_subb,p,414,400,Tapi,,
NA,5703,Tapi_subb,p,593.8,500,Tapi,,
NA,5889,Tapi_subb,p,593.8,500,Tapi,,
NA,8667,Tapi_subb,p,449,400,Tapi,,
NA,8830,Tapi_subb,p,468,400,Tapi,,
NA,14215,Tapi_subb,p,378.2,300,Tapi,,
NA,17169,Tapi_subb,p,429.5,400,Tapi,,
NA,17249,Tapi_subb,p,429.5,400,Tapi,,
NA,18423,Tapi_subb,p,624.2,600,Tapi,,
NA,10601B,Tapi_subb,p,1282.8,1200,Tapi,,
NA,14762C,Tapi_subb,p,582.6,500,Tapi,,
NA,4305A,Tapi_subb,p,414,400,Tapi,,
NA,4416B,Tapi_subb,p,414,400,Tapi,,
NA,341,Temn_affi,p,401.9,400,Temn,,
NA,2235,Temn_affi,p,398.8,300,Temn,,
NA,4172,Temn_affi,p,402.9,400,Temn,,
NA,5601,Temn_affi,p,622.8,600,Temn,,
NA,5656,Temn_affi,p,622.8,600,Temn,,
NA,5663,Temn_affi,p,622.8,600,Temn,,
NA,5678,Temn_affi,p,622.8,600,Temn,,
NA,5702,Temn_affi,p,622.8,600,Temn,,
NA,5719,Temn_affi,p,622.8,600,Temn,,
NA,5771,Temn_affi,p,622.8,600,Temn,,
NA,5779,Temn_affi,p,622.8,600,Temn,,
NA,12009,Temn_affi,p,672.6,600,Temn,,
NA,17197,Temn_affi,p,417.3,400,Temn,,
NA,18104,Temn_affi,p,458.9,400,Temn,,
NA,18956,Temn_affi,p,475.8,400,Temn,,
NA,12068C,Temn_affi,p,369,300,Temn,,
NA,15037F,Temn_affi,p,434.4,400,Temn,,
NA,2048B,Temn_affi,p,387.7,300,Temn,,
NA,7774B,Temn_affi,p,686.7,600,Temn,,
NA,12055C,Temn_cort,p,656.9,600,Temn,,
NA,15037H,Temn_cort,p,434.4,400,Temn,,
NA,5720,Temn_inte,p,622.8,600,Temn,,
NA,102B,Temn_inte,p,1144.2,1100,Temn,,
NA,12596B,Temn_inte,p,424.2,400,Temn,,
NA,16950B,Temn_inte,p,1183.6,1100,Temn,,
NA,5712B,Temn_lute,p,622.8,600,Temn,,
NA,1958,Temn_nigr,p,1478.8,1400,Temn,,
NA,2217,Temn_nigr,p,1289.9,1200,Temn,,
NA,10474,Temn_nigr,p,1453.9,1400,Temn,,
NA,12489,Temn_nigr,p,1201.8,1200,Temn,,
NA,12985,Temn_nigr,p,722.6,700,Temn,,
NA,17053,Temn_nigr,p,1491.3,1400,Temn,,
NA,17157,Temn_nigr,p,1323.5,1300,Temn,,
NA,17198,Temn_nigr,p,1323.5,1300,Temn,,
NA,17230,Temn_nigr,p,1428.5,1400,Temn,,
NA,17236,Temn_nigr,p,1323.5,1300,Temn,,
NA,17355,Temn_nigr,p,1509.1,1500,Temn,,
NA,17415,Temn_nigr,p,1323.5,1300,Temn,,
NA,17417,Temn_nigr,p,726.1,700,Temn,,
NA,17418,Temn_nigr,p,1509.1,1500,Temn,,
NA,17496,Temn_nigr,p,1323.5,1300,Temn,,
NA,17138 ,Temn_nigr,p,1631.1,1600,Temn,,
NA,17247 ,Temn_nigr,p,1586.9,1500,Temn,,
NA,5613,Temn_nyla,p,392.7,300,Temn,,
NA,5699,Temn_nyla,p,392.7,300,Temn,,
NA,16103,Temn_nyla,p,399.6,300,Temn,,
NA,2026,Temn_parv,p,576.4,500,Temn,,
NA,5522,Temn_parv,p,392.7,300,Temn,,
NA,5693,Temn_parv,p,392.7,300,Temn,,
NA,5753B,Temn_parv,p,622.8,600,Temn,,
NA,5766,Temn_tube,p,622.8,600,Temn,,
NA,14146B,Temn_tube,p,479.8,400,Temn,,
NA,16949C,Temn_tube,p,400,400,Temn,,
NA,1970,Temn_unif,p,542.2,500,Temn,,
NA,2086,Temn_unif,p,1327.6,1300,Temn,,
NA,2172,Temn_unif,p,537.5,500,Temn,,
NA,4792,Temn_unif,p,393.9,300,Temn,,
NA,5513,Temn_unif,p,392.7,300,Temn,,
NA,5735,Temn_unif,p,622.8,600,Temn,,
NA,5764,Temn_unif,p,622.8,600,Temn,,
NA,5767,Temn_unif,p,622.8,600,Temn,,
NA,5929,Temn_unif,p,429.5,400,Temn,,
NA,6451,Temn_unif,p,591.4,500,Temn,,
NA,6732,Temn_unif,p,585.9,500,Temn,,
NA,8397,Temn_unif,p,394.5,300,Temn,,
NA,11413,Temn_unif,p,392,300,Temn,,
NA,12412,Temn_unif,p,531.1,500,Temn,,
NA,12508,Temn_unif,p,1281.6,1200,Temn,,
NA,12587,Temn_unif,p,466.6,400,Temn,,
NA,13038,Temn_unif,p,394.4,300,Temn,,
NA,20197,Temn_unif,p,402.7,400,Temn,,
NA,8084E,Temn_unif,p,369,300,Temn,,
NA,16504,Tetr_alpe,p,1181.7,1100,Tetr,1,Pub-3
NA,17017,Tetr_alpe,p,1323.5,1300,Tetr,1,Pub-3
NA,17455,Tetr_alpe,p,1466.4,1400,Tetr,1,Pub-3
NA,7200,Tetr_caes,p,1838,1800,Tetr,1,Pub-4
NA,2342,Tetr_caes,p,1337,1300,Tetr,1,Pub-5
NA,14088,Tetr_caes,p,1525.5,1500,Tetr,1,Pub-6
NA,14298,Tetr_caes,p,1456.1,1400,Tetr,1,Pub-5
NA,18466,Tetr_caes,p,990.7,900,Tetr,1,Pub-5
NA,2870,Tetr_caes,p,1021.2,1000,Tetr,1,Pub-6
NA,8161,Tetr_caes,p,384.9,300,Tetr,1,Pub-6
NA,18451,Tetr_caes,p,990.7,900,Tetr,1,Pub-6
NA,8156,Tetr_caes,p,1682.8,1600,Tetr,1,Pub-7
NA,15200,Tetr_caes,p,1106,1100,Tetr,1,Pub-7
NA,1479,Tetr_immi,p,366.5,300,Tetr,1,Pub-2
NA,2535,Tetr_immi,p,369,300,Tetr,1,Pub-2
NA,3967,Tetr_immi,p,544.8,500,Tetr,1,Pub-2
NA,4107,Tetr_immi,p,414,400,Tetr,1,Pub-2
NA,5451,Tetr_immi,p,534.4,500,Tetr,1,Pub-2
NA,9199,Tetr_immi,p,427.1,400,Tetr,1,Pub-2
NA,13098,Tetr_immi,p,427.6,400,Tetr,1,Pub-2
NA,13747,Tetr_immi,p,733.7,700,Tetr,1,Pub-2
NA,14156,Tetr_immi,p,479.1,400,Tetr,1,Pub-2
NA,14365,Tetr_immi,p,479.1,400,Tetr,1,Pub-2
NA,15940,Tetr_immi,p,490.7,400,Tetr,1,Pub-2
NA,3577B,Tetr_immi,p,422.8,400,Tetr,1,Pub-3
NA,14184B,Tetr_immi,p,479.1,400,Tetr,1,
NA,4124B,Tetr_immi,p,414,400,Tetr,1,
NA,1310,Tetr_impu,p,1318.8,1300,Tetr,1,Pub-1
NA,2498,Tetr_impu,p,556.2,500,Tetr,1,Pub-1
NA,16619,Tetr_impu,p,1123.2,1100,Tetr,1,Pub-1
NA,17469,Tetr_impu,p,1501.5,1500,Tetr,1,Pub-1
NA,174,Tetr_impu,p,496,400,Tetr,1,Pub-2
NA,2042,Tetr_impu,p,1072.4,1000,Tetr,1,Pub-2
NA,7207,Tetr_impu,p,1012.4,1000,Tetr,1,Pub-2
NA,10488,Tetr_impu,p,1548.1,1500,Tetr,1,Pub-2
NA,12293,Tetr_impu,p,424.2,400,Tetr,1,Pub-2
NA,15364,Tetr_impu,p,1318.8,1300,Tetr,1,Pub-2
NA,17391,Tetr_impu,p,1501.5,1500,Tetr,1,Pub-2
NA,4698,Tetr_impu,p,1318.8,1300,Tetr,,
NA,2419,Tetr_semi,p,946.2,900,Tetr,1,Pub-3
82,9992923,Apha_subt,s,709.8,700,Apha,1,
82,9993099,Apha_subt,s,709.8,700,Apha,1,
83,9990066,Camp_lign,s,1176.4,1100,Camp,,
83,9990331,Camp_lign,s,757.8,700,Camp,,
83,9990901,Camp_lign,s,668.6,600,Camp,,
83,9991170,Camp_lign,s,1363.4,1300,Camp,,
87,9993302,Colo_trun,s,688.2,600,Colo,,
?,9990062.B,Colo_trun,s,803.1,800,Colo,,
experts,9990019,Form_cine,s,1084.6,1000,Form,,
71,9990102,Form_cuni,s,790.2,700,Form,,
71,9990123,Form_cuni,s,793.2,700,Form,,
71,9990135,Form_cuni,s,1250.5,1200,Form,,
71,9990235,Form_cuni,s,524.6,500,Form,,
71,9990296,Form_cuni,s,1654.1,1600,Form,,
71,9990334,Form_cuni,s,1304.3,1300,Form,,
71,9990360,Form_cuni,s,1275.5,1200,Form,,
71,9990704,Form_cuni,s,1479.3,1400,Form,,
71,9990875,Form_cuni,s,688.8,600,Form,,
71,9990906,Form_cuni,s,874.2,800,Form,,
71,9990932,Form_cuni,s,450.7,400,Form,,
71,9991339,Form_cuni,s,1108,1100,Form,,
71,9991501,Form_cuni,s,876,800,Form,,
71,9992132,Form_cuni,s,1352.1,1300,Form,,
71,9992908,Form_cuni,s,1121.5,1100,Form,,
29,9990379,Form_exse,s,1407.1,1400,Form,,
68,9990008,Form_fusca,s,1320.7,1300,Form,,
69,9990085,Form_fusca,s,762.6,700,Form,,
69,9990129,Form_fusca,s,755.1,700,Form,,
68,9990273,Form_fusca,s,1140.6,1100,Form,,
69,9990310,Form_fusca,s,1727.6,1700,Form,,
69,9990538,Form_fusca,s,1126.5,1100,Form,,
68,9990582,Form_fusca,s,1490.4,1400,Form,,
59,9990714,Form_fusca,s,1983.6,1900,Form,,
68,9990956,Form_fusca,s,761,700,Form,,
69,9991659,Form_fusca,s,552.8,500,Form,,
68,9991744,Form_fusca,s,1529.9,1500,Form,,
68,9991967,Form_fusca,s,687.7,600,Form,,
68,9992689,Form_fusca,s,1059.4,1000,Form,,
56,9993090,Form_fusca,s,1820.5,1800,Form,,
68,9993300,Form_fusca,s,1238.7,1200,Form,,
55,9990215,Form_lema,s,2050.8,2000,Form,,
55,9990258,Form_lema,s,1686.9,1600,Form,,
56,9990290,Form_lema,s,1088.3,1000,Form,,
56,9990566,Form_lema,s,1589.5,1500,Form,,
57,9990691,Form_lema,s,1925.4,1900,Form,,
60,9990993,Form_lema,s,1443.4,1400,Form,,
54,9991123,Form_lema,s,1776.5,1700,Form,,
58,9991162,Form_lema,s,1375.5,1300,Form,,
60,9991176,Form_lema,s,1529.9,1500,Form,,
59,9991291,Form_lema,s,1877.1,1800,Form,,
experts,9991516,Form_lema,s,1266,1200,Form,,
57,9991827,Form_lema,s,1524.1,1500,Form,,
58,9991849,Form_lema,s,1150.3,1100,Form,,
65,9990078,Form_lugu/para,s,1530.9,1500,Form,,
63,9990146,Form_lugu/para,s,1776.5,1700,Form,,
64,9990193,Form_lugu/para,s,1362,1300,Form,,
66,9990362,Form_lugu/para,s,1869.7,1800,Form,,
65,9990419,Form_lugu/para,s,1150.2,1100,Form,,
65,9991101,Form_lugu/para,s,1952.8,1900,Form,,
63,9991457,Form_lugu/para,s,1658.2,1600,Form,,
66,9991472,Form_lugu/para,s,1221.6,1200,Form,,
65,9991664,Form_lugu/para,s,1438.2,1400,Form,,
66,9991756,Form_lugu/para,s,1468.4,1400,Form,,
63,9993073,Form_lugu/para,s,600.8,600,Form,,
74,9990003,Form_poly,s,732.2,700,Form,,
74,9990355,Form_poly,s,651.9,600,Form,,
74,9990976,Form_poly,s,1274.4,1200,Form,,
74,9990983,Form_poly,s,625,600,Form,,
72,9990034,Form_prat,s,1915.4,1900,Form,,
72,9990115,Form_prat,s,1060.4,1000,Form,,
experts,9990209,Form_prat,s,1295,1200,Form,,
72,9990383,Form_prat,s,1380.3,1300,Form,,
72,9990600,Form_prat,s,1285.4,1200,Form,,
72,9990955,Form_prat,s,1491.4,1400,Form,,
72,9991884,Form_prat,s,1983.7,1900,Form,,
72,9992702,Form_prat,s,584.6,500,Form,,
72,9992896,Form_prat,s,914.4,900,Form,,
24,9990096,Form_pres,s,1274.9,1200,Form,,
33,9990121,Form_pres,s,1335.9,1300,Form,,
24,9990171,Form_pres,s,1283.2,1200,Form,,
23,9990172,Form_pres,s,1441.9,1400,Form,,
22,9990336,Form_pres,s,2030.3,2000,Form,,
26,9990386,Form_pres,s,1655,1600,Form,,
22,9990527,Form_pres,s,2014.5,2000,Form,,
29,9990777,Form_pres,s,1302.1,1300,Form,,
27,9990806,Form_pres,s,1450.6,1400,Form,,
30,9991056,Form_pres,s,1117.5,1100,Form,,
33,9991196,Form_pres,s,1848.5,1800,Form,,
29,9991691,Form_pres,s,1502.5,1500,Form,,
33,9991931,Form_pres,s,1915,1900,Form,,
29,9992698,Form_pres,s,1300.5,1300,Form,,
22,9992709,Form_pres,s,1115.5,1100,Form,,
30,9992885,Form_pres,s,1723.5,1700,Form,,
30,9993091,Form_pres,s,1702.2,1700,Form,,
73,9990018,Form_rufa,s,1984.9,1900,Form,,
73,9990191,Form_rufa,s,777.7,700,Form,,
73,9990512,Form_rufa,s,687.7,600,Form,,
73,9991147,Form_rufa,s,1399.9,1300,Form,,
73,9991371,Form_rufa,s,1216,1200,Form,,
73,9991719,Form_rufa,s,1247.1,1200,Form,,
73,9992340,Form_rufa,s,531.1,500,Form,,
73,9992510,Form_rufa,s,1976.9,1900,Form,,
70,9990201,Form_rufi,s,1060.4,1000,Form,,
70,9990677,Form_rufi,s,644.6,600,Form,,
70,9990914,Form_rufi,s,1423.4,1400,Form,,
70,9991076,Form_rufi,s,380.8,300,Form,,
70,9991698,Form_rufi,s,514.9,500,Form,,
70,9991703,Form_rufi,s,627.6,600,Form,,
70,9992342,Form_rufi,s,492.4,400,Form,,
70,9993105,Form_rufi,s,512.1,500,Form,,
70,9991112 Form_rufi,Form_rufi,s,490.5,400,Form,,
84,9990265,Form_sang,s,775.9,700,Form,,
26,9990323,Form_sang,s,1249.7,1200,Form,,
84,9990766,Form_sang,s,1695.3,1600,Form,,
77,9991167,Formx_niti,s,1142.8,1100,Formx,,
77,9993295,Formx_niti,s,1825.9,1800,Formx,,
66,9991300.B,Formx_niti,s,1511,1500,Formx,,
75,9990311,Lasi_alie,s,493.8,400,Lasi,,
76,9991121,Lasi_brun,s,646.6,600,Lasi,1,
NA,9991492,Lasi_brun,s,1053.2,1000,Lasi,,
76,9991638,Lasi_brun,s,698.4,600,Lasi,1,
76,9991941,Lasi_brun,s,715.8,700,Lasi,1,
76,9990017.B,Lasi_brun,s,735.7,700,Lasi,1,
86,9990488,Lasi_emar,s,518.7,500,Lasi,1,
86,9991707,Lasi_emar,s,519.3,500,Lasi,1,
102,9990088,Lasi_flav,s,1092.5,1000,Lasi,1,
106,9990275,Lasi_flav,s,1728.2,1700,Lasi,1,
97,9990594,Lasi_flav,s,901.7,900,Lasi,1,
100,9990682,Lasi_flav,s,1392,1300,Lasi,1,
99,9990781,Lasi_flav,s,910.1,900,Lasi,1,
100,9990888,Lasi_flav,s,881.3,800,Lasi,1,
106,9990897,Lasi_flav,s,389.7,300,Lasi,1,
102,9990930,Lasi_flav,s,529.1,500,Lasi,1,
108,9991179,Lasi_flav,s,1412.7,1400,Lasi,1,
106,9991324,Lasi_flav,s,609.1,600,Lasi,1,
98,9991465,Lasi_flav,s,1241.7,1200,Lasi,1,
105,9991566,Lasi_flav,s,1762.3,1700,Lasi,1,
99,9991578,Lasi_flav,s,1658.5,1600,Lasi,1,
101,9991683,Lasi_flav,s,1119,1100,Lasi,1,
107,9991900,Lasi_flav,s,1510.9,1500,Lasi,1,
101,9991937,Lasi_flav,s,472.8,400,Lasi,1,
106,9991938,Lasi_flav,s,790.3,700,Lasi,1,
98,9991966,Lasi_flav,s,1392.6,1300,Lasi,1,
101,9992917,Lasi_flav,s,612,600,Lasi,1,
100,9993112,Lasi_flav,s,1041.3,1000,Lasi,1,
39,9990320,Lasi_fuli,s,495.9,400,Lasi,1,
39,9991280,Lasi_fuli,s,908.3,900,Lasi,1,
39,9991375,Lasi_fuli,s,630,600,Lasi,1,
39,9991511,Lasi_fuli,s,438.2,400,Lasi,1,
39,9991648,Lasi_fuli,s,524.3,500,Lasi,1,
39,9991848,Lasi_fuli,s,435.8,400,Lasi,1,
39,9991915,Lasi_fuli,s,388.7,300,Lasi,1,
39,9992118,Lasi_fuli,s,678.6,600,Lasi,1,
39,9992915,Lasi_fuli,s,649.9,600,Lasi,1,
111,9991919,Lasi_mixt,s,501.9,500,Lasi,,
50,9990126,Lasi_nige,s,470.5,400,Lasi,1,
46,9990127,Lasi_nige,s,757.1,700,Lasi,1,
51,9990284,Lasi_nige,s,776.7,700,Lasi,1,
47,9990309,Lasi_nige,s,1330.4,1300,Lasi,1,
47,9990358,Lasi_nige,s,814.3,800,Lasi,1,
49,9990422,Lasi_nige,s,913,900,Lasi,1,
42,9990735,Lasi_nige,s,441,400,Lasi,1,
44,9990786,Lasi_nige,s,1362.8,1300,Lasi,1,
46,9991061,Lasi_nige,s,924.2,900,Lasi,1,
49,9991087,Lasi_nige,s,383.4,300,Lasi,1,
43,9991655,Lasi_nige,s,535.7,500,Lasi,1,
53,9991684,Lasi_nige,s,1043.5,1000,Lasi,1,
43,9991752,Lasi_nige,s,377.9,300,Lasi,1,
51,9991762,Lasi_nige,s,609.5,600,Lasi,1,
43,9993307,Lasi_nige,s,801.4,800,Lasi,1,
52,9990179.B,Lasi_nige,s,1803.2,1800,Lasi,1,
75,9990347,Lasi_para,s,450.7,400,Lasi,,
75,9990363,Lasi_para,s,491,400,Lasi,,
75,9990517,Lasi_para,s,444,400,Lasi,,
75,9990547,Lasi_para,s,492.8,400,Lasi,,
75,9990589,Lasi_para,s,598.6,500,Lasi,,
75,9991374,Lasi_para,s,596.3,500,Lasi,,
75,9991954,Lasi_para,s,598.6,500,Lasi,,
75,9992158,Lasi_para,s,598.6,500,Lasi,,
67,9990118,Lasi_plat,s,738.1,700,Lasi,1,
67,9990176,Lasi_plat,s,756.5,700,Lasi,1,
67,9990327,Lasi_plat,s,485.1,400,Lasi,1,
67,9990767,Lasi_plat,s,471.9,400,Lasi,1,
67,9990961,Lasi_plat,s,582.4,500,Lasi,1,
67,9991115,Lasi_plat,s,388.7,300,Lasi,1,
67,9991557,Lasi_plat,s,484,400,Lasi,1,
67,9991713,Lasi_plat,s,600.1,600,Lasi,1,
67,9991716,Lasi_plat,s,635.6,600,Lasi,1,
67,9991745,Lasi_plat,s,653.8,600,Lasi,1,
122,9990005,Lept_acer,s,1617.2,1600,Lept,1,
78,9990190,Lept_acer,s,1369,1300,Lept,1,
122,9991140,Lept_acer,s,1084.6,1000,Lept,1,
78,9991751,Lept_acer,s,1686.9,1600,Lept,1,
36,9990023,Mani_rubi,s,1829,1800,Mani,1,
36,9990055,Mani_rubi,s,1385.1,1300,Mani,1,
36,9990059,Mani_rubi,s,1341.8,1300,Mani,1,
36,9990511,Mani_rubi,s,1459.4,1400,Mani,1,
37,9990552,Mani_rubi,s,1995,1900,Mani,1,
36,9990945,Mani_rubi,s,1546.3,1500,Mani,1,
36,9991194,Mani_rubi,s,1570.7,1500,Mani,1,
36,9991277,Mani_rubi,s,1130.8,1100,Mani,1,
37,9991297,Mani_rubi,s,1625.6,1600,Mani,1,
36,9991546,Mani_rubi,s,1265.9,1200,Mani,1,
36,9992527,Mani_rubi,s,1130.8,1100,Mani,1,
36,9993291,Mani_rubi,s,1436.3,1400,Mani,1,
92,9990782,Myrm_curv,s,495.2,400,Myrm,1,
92,9991171,Myrm_curv,s,498.2,400,Myrm,1,
16,9990106,Myrm_lobi,s,1227.1,1200,Myrm,1,
16,9990168,Myrm_lobi,s,1326.5,1300,Myrm,1,
16,9990329,Myrm_lobi,s,1573.6,1500,Myrm,1,
16,9990374,Myrm_lobi,s,1759.2,1700,Myrm,1,
16,9990384,Myrm_lobi,s,1273,1200,Myrm,1,
16,9991565,Myrm_lobi,s,1273,1200,Myrm,1,
17,9990042,Myrm_lobu,s,1107,1100,Myrm,1,
17,9990052,Myrm_lobu,s,1900.4,1900,Myrm,1,
17,9990148,Myrm_lobu,s,1919.4,1900,Myrm,1,
17,9990179,Myrm_lobu,s,1803.2,1800,Myrm,1,
17,9990522,Myrm_lobu,s,1925.4,1900,Myrm,1,
17,9990775,Myrm_lobu,s,1810.5,1800,Myrm,1,
17,9990869,Myrm_lobu,s,1919.4,1900,Myrm,1,
17,9990880,Myrm_lobu,s,1925.4,1900,Myrm,1,
17,9991083,Myrm_lobu,s,1925.4,1900,Myrm,1,
17,9991646,Myrm_lobu,s,1869.7,1800,Myrm,1,
17,9992308,Myrm_lobu,s,1810.9,1800,Myrm,1,
17,9992916,Myrm_lobu,s,1925.4,1900,Myrm,1,
17,9992927,Myrm_lobu,s,1919.4,1900,Myrm,1,
17,9993095,Myrm_lobu,s,1835.1,1800,Myrm,1,
20,9991541,Myrm_lona,s,1490.2,1400,Myrm,1,
13,9990026,Myrm_rubr,s,1214.4,1200,Myrm,1,
13,9990028,Myrm_rubr,s,1087.5,1000,Myrm,1,
13,9990083,Myrm_rubr,s,1364.2,1300,Myrm,1,
13,9990267,Myrm_rubr,s,1214.4,1200,Myrm,1,
13,9990277,Myrm_rubr,s,1233,1200,Myrm,1,
13,9990350,Myrm_rubr,s,1190.5,1100,Myrm,1,
34,9990402,Myrm_rubr,s,379.6,300,Myrm,1,
34,9990702,Myrm_rubr,s,435.9,400,Myrm,1,
34,9990965,Myrm_rubr,s,435.9,400,Myrm,1,
13,9991122,Myrm_rubr,s,688.2,600,Myrm,1,
34,9991260,Myrm_rubr,s,439.5,400,Myrm,1,
13,9991347,Myrm_rubr,s,1398.7,1300,Myrm,1,
34,9993118,Myrm_rubr,s,1029.3,1000,Myrm,1,
9,9990061,Myrm_rugi,s,483.4,400,Myrm,1,
10,9990092,Myrm_rugi,s,1043.9,1000,Myrm,1,
8,9990293,Myrm_rugi,s,754.6,700,Myrm,1,
?,9990306,Myrm_rugi,s,2013.6,2000,Myrm,,
10,9990365,Myrm_rugi,s,1217.5,1200,Myrm,1,
9,9990543,Myrm_rugi,s,807,800,Myrm,1,
81,9990605,Myrm_rugi,s,1103.5,1100,Myrm,1,
79,9990616,Myrm_rugi,s,384.3,300,Myrm,1,
8,9990717,Myrm_rugi,s,1789.2,1700,Myrm,1,
79,9990792,Myrm_rugi,s,1982.9,1900,Myrm,1,
116,9990907,Myrm_rugi,s,955.4,900,Myrm,,
116,9990963,Myrm_rugi,s,1468.4,1400,Myrm,,
12,9991315,Myrm_rugi,s,597.3,500,Myrm,1,
8,9991443,Myrm_rugi,s,684.3,600,Myrm,1,
116,9991476,Myrm_rugi,s,1523.5,1500,Myrm,,
8,9991847,Myrm_rugi,s,1821.1,1800,Myrm,1,
8,9991946,Myrm_rugi,s,1743.5,1700,Myrm,1,
8,9992306,Myrm_rugi,s,1300.3,1300,Myrm,1,
9,9992348,Myrm_rugi,s,503.7,500,Myrm,1,
8,9992912,Myrm_rugi,s,1659.5,1600,Myrm,1,
81,9993083,Myrm_rugu,s,501.9,500,Myrm,1,
21,9990037,Myrm_sabu,s,810.2,800,Myrm,1,
21,9990109,Myrm_sabu,s,1369,1300,Myrm,1,
21,9990156,Myrm_sabu,s,756.9,700,Myrm,1,
94,9990364,Myrm_sabu,s,1113.1,1100,Myrm,1,
94,9990526,Myrm_sabu,s,1087,1000,Myrm,1,
94,9990618,Myrm_sabu,s,790.9,700,Myrm,1,
94,9990697,Myrm_sabu,s,502.1,500,Myrm,1,
94,9990872,Myrm_sabu,s,622.5,600,Myrm,1,
94,9990874,Myrm_sabu,s,1120,1100,Myrm,1,
21,9990883,Myrm_sabu,s,1275.4,1200,Myrm,1,
21,9991276,Myrm_sabu,s,1659.1,1600,Myrm,1,
94,9991940,Myrm_sabu,s,365,300,Myrm,1,
94,9993271,Myrm_sabu,s,1392,1300,Myrm,1,
94,9993304,Myrm_sabu,s,430.9,400,Myrm,1,
15,9990161,Myrm_scab,s,755.1,700,Myrm,1,
15,9990169,Myrm_scab,s,755.1,700,Myrm,1,
14,9990328,Myrm_scab,s,1217.8,1200,Myrm,1,
35,9990575,Myrm_scab,s,1310.8,1300,Myrm,1,
14,9990577,Myrm_scab,s,1264,1200,Myrm,1,
95,9990601,Myrm_scab,s,1134.3,1100,Myrm,1,
116,9990683,Myrm_scab,s,1529.9,1500,Myrm,,
95,9990688,Myrm_scab,s,1446.3,1400,Myrm,1,
94,9990933,Myrm_scab,s,518.6,500,Myrm,1,
95,9991000,Myrm_scab,s,1055.4,1000,Myrm,1,
35,9991355,Myrm_scab,s,1869.7,1800,Myrm,1,
95,9991379,Myrm_scab,s,1037.2,1000,Myrm,1,
95,9991473,Myrm_scab,s,1117.5,1100,Myrm,1,
35,9991573,Myrm_scab,s,2030.3,2000,Myrm,1,
96,9991953,Myrm_scab,s,1443.4,1400,Myrm,1,
35,9992914,Myrm_scab,s,1716.9,1700,Myrm,1,
18,9990252,Myrm_sche,s,1925.4,1900,Myrm,1,
18,9990303,Myrm_sche,s,2102.9,2100,Myrm,1,
18,9990758,Myrm_sche,s,843.3,800,Myrm,1,
18,9991289,Myrm_sche,s,1919.4,1900,Myrm,1,
18,9991572,Myrm_sche,s,1264,1200,Myrm,1,
93,9991367,Myrm_spec,s,518.5,500,Myrm,1,
93,9991442,Myrm_spec,s,484.6,400,Myrm,1,
93,9991702,Myrm_spec,s,383.8,300,Myrm,1,
93,9991714,Myrm_spec,s,372.4,300,Myrm,1,
93,9991729,Myrm_spec,s,513.1,500,Myrm,1,
93,9992720,Myrm_spec,s,527.9,500,Myrm,1,
93,9993100,Myrm_spec,s,579.7,500,Myrm,1,
19,9990067,Myrm_sulc,s,1686.9,1600,Myrm,1,
19,9993288,Myrm_sulc,s,1821.2,1800,Myrm,1,
91,9991641,Myrm_vand,s,1040.6,1000,Myrm,1,
91,9991933,Myrm_vand,s,1162.7,1100,Myrm,1,
91,9993101,Myrm_vand,s,1442.1,1400,Myrm,1,
85,9990882,Myrme_gram,s,597.3,500,Myrme,,
85,9991911,Myrme_gram,s,601.7,600,Myrme,,
61,9990501,Sole_fuga,s,515.2,500,Sole,,
61,9990712,Sole_fuga,s,534.3,500,Sole,,
61,9990813,Sole_fuga,s,515.2,500,Sole,,
62,9990870,Sole_fuga,s,435.3,400,Sole,,
62,9990941,Sole_fuga,s,560.4,500,Sole,,
62,9990981,Sole_fuga,s,622.5,600,Sole,,
62,9991290,Sole_fuga,s,644.6,600,Sole,,
62,9991455,Sole_fuga,s,383.6,300,Sole,,
62,9991470,Sole_fuga,s,368,300,Sole,,
62,9991508,Sole_fuga,s,383.4,300,Sole,,
61,9991535,Sole_fuga,s,514.2,500,Sole,,
61,9991678,Sole_fuga,s,654.2,600,Sole,,
61,9991701,Sole_fuga,s,380.8,300,Sole,,
62,9991732,Sole_fuga,s,627.6,600,Sole,,
62,9991839,Sole_fuga,s,484,400,Sole,,
61,9992533,Sole_fuga,s,443.5,400,Sole,,
61,9992893,Sole_fuga,s,534.3,500,Sole,,
110,9990505B,Sole_fuga,s,1511,1500,Sole,,
38,9990029,Tapi_erra,s,1049.6,1000,Tapi,,
38,9990116,Tapi_erra,s,1087.1,1000,Tapi,,
38,9990312,Tapi_erra,s,442.1,400,Tapi,,
38,9990919,Tapi_erra,s,514.2,500,Tapi,,
38,9991094,Tapi_erra,s,445.8,400,Tapi,,
38,9991099,Tapi_erra,s,721.7,700,Tapi,,
38,9991105,Tapi_erra,s,514.2,500,Tapi,,
38,9991285,Tapi_erra,s,568.9,500,Tapi,,
38,9991349,Tapi_erra,s,1444.4,1400,Tapi,,
38,9991528,Tapi_erra,s,1087.1,1000,Tapi,,
38,9992323,Tapi_erra,s,1337.4,1300,Tapi,,
124,9991527,Temn_affi,s,501.9,500,Temn,1,
121,9990065,Temn_nigr,s,1120,1100,Temn,1,
121,9991576,Temn_nigr,s,1275.5,1200,Temn,1,
119,9990017,Temn_nyla,s,735.7,700,Temn,1,
115,9990064,Temn_nyla,s,735.7,700,Temn,1,
88,9990254,Temn_nyla,s,1340.9,1300,Temn,1,
118,9990578,Temn_nyla,s,955.4,900,Temn,1,
115,9990583,Temn_nyla,s,849.3,800,Temn,1,
115,9990584,Temn_nyla,s,961.7,900,Temn,1,
120,9990761,Temn_nyla,s,504.9,500,Temn,1,
118,9990804,Temn_nyla,s,502.2,500,Temn,1,
119,9990964,Temn_nyla,s,381.3,300,Temn,1,
119,9990988,Temn_nyla,s,668.4,600,Temn,1,
117,9991270,Temn_nyla,s,501.2,500,Temn,1,
118,9991382,Temn_nyla,s,605.1,600,Temn,1,
115,9992317,Temn_nyla,s,439.5,400,Temn,1,
118,9992328,Temn_nyla,s,676.5,600,Temn,1,
119,9993093,Temn_nyla,s,387,300,Temn,1,
117,9993116,Temn_nyla,s,439.5,400,Temn,1,
117,9993306,Temn_nyla,s,709.8,700,Temn,1,
123,9990747,Temn_parv,s,612.7,600,Temn,1,
123,9991765,Temn_parv,s,636.6,600,Temn,1,
90,9990228,Temn_tube,s,1364.4,1300,Temn,1,
125,9991077,Temn_tube,s,1524.1,1500,Temn,1,
126,9991453,Temn_unif,s,622.5,600,Temn,1,
110,9990219,Tetr_alpe,s,1352.1,1300,Tetr,1,Sci-1
110,9990263,Tetr_alpe,s,1340.9,1300,Tetr,1,Sci-1
110,9990316,Tetr_alpe,s,1515.1,1500,Tetr,1,Sci-1
110,9991368,Tetr_alpe,s,1468.4,1400,Tetr,1,Sci-1
110,9991774,Tetr_alpe,s,1050.5,1000,Tetr,1,Sci-1
110,9990007,Tetr_alpe,s,1385.1,1300,Tetr,1,Sci-2
110,9990012,Tetr_alpe,s,1656.4,1600,Tetr,1,Sci-2
110,9990162,Tetr_alpe,s,1360.3,1300,Tetr,1,Sci-2
110,9990367,Tetr_alpe,s,1043.4,1000,Tetr,1,Sci-2
110,9990742,Tetr_alpe,s,1120,1100,Tetr,1,Sci-2
110,9990788,Tetr_alpe,s,1118.4,1100,Tetr,1,Sci-2
110,9991312,Tetr_alpe,s,1038.2,1000,Tetr,1,Sci-2
110,9991530,Tetr_alpe,s,1682.4,1600,Tetr,1,Sci-2
110,9991548,Tetr_alpe,s,1265.9,1200,Tetr,1,Sci-2
110,9991697,Tetr_alpe,s,1531.3,1500,Tetr,1,Sci-2
110,9991764,Tetr_alpe,s,514.2,500,Tetr,1,Sci-2
110,9992729,Tetr_alpe,s,1423.2,1400,Tetr,1,Sci-2
113,9991345,Tetr_caes,s,803.1,800,Tetr,1,Sci-3
113,9991680,Tetr_caes,s,765.8,700,Tetr,1,Sci-3
112,9991724,Tetr_caes,s,865.9,800,Tetr,1,Sci-3
114,9991754,Tetr_caes,s,1269.9,1200,Tetr,1,Sci-3
112,9991958,Tetr_caes,s,653.5,600,Tetr,1,Sci-3
112,9992330,Tetr_caes,s,600.4,600,Tetr,1,Sci-3
113,9992728,Tetr_caes,s,442.4,400,Tetr,1,Sci-3
114,9990507,Tetr_caes,s,773,700,Tetr,1,"Sci-3, Sci-4"
114,9991092,Tetr_caes,s,512.1,500,Tetr,1,Sci-4
114,9991753,Tetr_caes,s,803.1,800,Tetr,1,Sci-4
109,9990030,Tetr_impu,s,1679.8,1600,Tetr,1,Sci-1
109,9990187,Tetr_impu,s,1385.1,1300,Tetr,1,Sci-1
109,9990619,Tetr_impu,s,1515.4,1500,Tetr,1,Sci-1
109,9990713,Tetr_impu,s,442.4,400,Tetr,1,Sci-1
109,9990922,Tetr_impu,s,1120,1100,Tetr,1,Sci-1
109,9990967,Tetr_impu,s,1120,1100,Tetr,1,Sci-1
109,9991093,Tetr_impu,s,1670.7,1600,Tetr,1,Sci-1
109,9991842,Tetr_impu,s,435,400,Tetr,1,Sci-1